{
  "version": 1,
  "author": "B. Mohan",
  "editor": "wokwi",
  "parts": [
    {
      "type": "wokwi-esp32-devkit-v1",
      "id": "esp",
      "top": 31.9,
      "left": 139.6,
      "rotate": 270,
      "attrs": { "env": "micropython-20231005-v1.21.0" }
    },
    { "type": "wokwi-dht22", "id": "dht1", "top": -95.7, "left": 167.4, "attrs": {} }
  ],
  "connections": [
    [ "esp:TX0", "$serialMonitor:RX", "", [] ],
    [ "esp:RX0", "$serialMonitor:TX", "", [] ],
    [ "dht1:VCC", "esp:3V3", "red", [ "v28.8", "h67.2" ] ],
    [ "dht1:GND", "esp:GND.1", "black", [ "v38.4", "h28.8" ] ],
    [ "dht1:SDA", "esp:D15", "green", [ "v48", "h38.5" ] ]
  ],
  "dependencies": {}
}